interface_id,pore_i,pore_j,center_x,center_y,center_z,normal_x,normal_y,normal_z,area,constant_normal_traction,flux_balance_residual,mesh_triangles
0,0,1,0.08490295587512636,0.0849029558751263,0.19999999999999993,0.04662168617265186,0.04662168617265186,0.9978240510013964,0.03148271909569276,0.9703745897335163,-1.5070410197548512e-17,39
1,0,4,0.08490287301410757,0.19999999999999998,0.08490301598753236,0.04662168617265187,0.9978240510013966,0.04662168617265187,0.03148271913672348,0.9703097695381234,-1.940721888749053e-17,39
2,0,16,0.19999999999999993,0.08490287301410758,0.08490301598753236,0.9978240510013966,0.04662168617265187,0.04662168617265187,0.03148271913672347,0.8194036744492679,-6.5865281978494394e-18,39
3,1,2,0.08490295587512632,0.08490295587512628,0.5,0.0,0.0,1.0,0.031482719095692765,0.9740041051302917,-3.426078865054194e-17,39
4,1,5,0.07787530500011038,0.2,0.35000000000000003,0.08264555337846424,0.9965790046487872,0.0,0.042965438273446996,0.9817038584172322,-3.0574501264091225e-17,54
5,1,17,0.2000000000000001,0.07787530500011039,0.3500000000000001,0.9965790046487872,0.08264555337846424,0.0,0.04296543827344698,0.8241843021922414,8.456776945386935e-18,54
6,2,3,0.08490295587512633,0.0849029558751263,0.7999999999999998,-0.04662168617265186,-0.04662168617265186,0.9978240510013964,0.031482719095692765,0.9703539803504447,1.8539857149502126e-17,39
7,2,6,0.07787530500011032,0.19999999999999987,0.65,0.08264555337846424,0.9965790046487872,0.0,0.04296543827344698,0.9815512041327729,-5.637851296924623e-18,54
8,2,18,0.2,0.07787530500011035,0.6500000000000001,0.9965790046487872,0.08264555337846424,0.0,0.04296543827344697,0.8210274698846762,-1.9949319973733282e-17,54
9,3,7,0.08490287301410757,0.19999999999999998,0.9150969840124675,0.04662168617265187,0.9978240510013966,-0.04662168617265203,0.03148271913672347,0.9703207791054688,-1.1438332919722072e-17,39
10,3,19,0.2,0.08490287301410754,0.9150969840124674,0.9978240510013966,0.04662168617265187,-0.04662168617265203,0.03148271913672347,0.8185878632861993,7.589415207398531e-19,39
11,4,5,0.07787542641871767,0.35,0.20000000000000004,0.08264555337846424,0.0,0.9965790046487872,0.042965438191385624,0.9813546826398263,8.673617379884035e-18,54
12,4,8,0.08490287301410757,0.5,0.08490301598753237,0.0,1.0,0.0,0.03148271913672347,0.974063573897646,-1.6046192152785466e-17,39
13,4,20,0.19999999999999996,0.35,0.077875514526295,0.9965790046487872,0.0,0.08264555337846424,0.04296543827344695,0.8242372451792203,2.3283241654126208e-17,54
14,5,6,0.0778754264187176,0.34999999999999964,0.5000000000000001,0.0,0.0,1.0,0.04296543819138564,0.9856855147051163,-3.187554387107383e-17,54
15,5,9,0.07787530500011035,0.5,0.35,0.0,1.0,0.0,0.042965438273447,0.9856928000842978,2.1358782797964437e-17,54
16,5,21,0.1999999999999999,0.35000000000000003,0.35,1.0,0.0,0.0,0.055930876546893986,0.8278319727964372,4.391018798566293e-17,74
17,6,7,0.0778754264187176,0.3499999999999998,0.8000000000000002,-0.08264555337846424,0.0,0.9965790046487872,0.04296543819138563,0.9814120752769374,1.9949319973733282e-17,54
18,6,10,0.07787530500011033,0.5,0.6499999999999998,0.0,1.0,0.0,0.042965438273446975,0.9854999366014392,1.0625181290357943e-17,54
19,6,22,0.19999999999999996,0.3499999999999999,0.6499999999999998,1.0,0.0,0.0,0.05593087654689394,0.827183848796144,5.572799166575493e-17,74
20,7,11,0.08490287301410755,0.5,0.9150969840124679,0.0,1.0,0.0,0.031482719136723465,0.9740270374327691,1.9949319973733282e-17,39
21,7,23,0.19999999999999996,0.35,0.922124485473705,0.9965790046487872,0.0,-0.08264555337846408,0.04296543827344697,0.824709552690596,6.071532165918825e-18,54
22,8,9,0.07787542641871753,0.65,0.19999999999999998,0.08264555337846424,0.0,0.9965790046487872,0.04296543819138557,0.9818165670187122,3.2634485391813683e-17,54
23,8,12,0.08490287301410757,0.7999999999999998,0.08490301598753236,-0.04662168617265187,0.9978240510013966,-0.04662168617265187,0.03148271913672347,0.9706261775282717,-4.0115480381963664e-18,39
24,8,24,0.19999999999999993,0.6499999999999999,0.07787551452629501,0.9965790046487872,0.0,0.08264555337846424,0.04296543827344694,0.8236195136146082,-6.505213034913027e-19,54
25,9,10,0.07787542641871754,0.6499999999999998,0.5000000000000001,0.0,0.0,1.0,0.042965438191385576,0.9854833899477135,-2.2876665839444144e-17,54
26,9,13,0.07787530500011035,0.8000000000000003,0.3499999999999999,-0.08264555337846424,0.9965790046487872,0.0,0.04296543827344701,0.9814882602520454,1.3769367590565906e-17,54
27,9,25,0.2,0.6499999999999996,0.3499999999999999,1.0,0.0,0.0,0.055930876546894014,0.8301545898047012,4.087442190270352e-17,74
28,10,11,0.07787542641871756,0.6500000000000001,0.7999999999999999,-0.08264555337846424,0.0,0.9965790046487872,0.04296543819138557,0.9815589127458076,-3.599551212651875e-17,54
29,10,14,0.07787530500011035,0.7999999999999997,0.65,-0.08264555337846424,0.9965790046487872,0.0,0.04296543827344697,0.9816986679894438,4.445228907190568e-18,54
30,10,26,0.19999999999999996,0.6500000000000002,0.65,1.0,0.0,0.0,0.05593087654689392,0.8281963900182321,-4.7704895589362195e-18,74
31,11,15,0.08490287301410754,0.7999999999999998,0.9150969840124675,-0.04662168617265187,0.9978240510013966,0.04662168617265203,0.03148271913672347,0.9705014711408222,8.998878031629687e-18,39
32,11,27,0.20000000000000004,0.6499999999999999,0.9221244854737047,0.9965790046487872,0.0,-0.08264555337846408,0.04296543827344697,0.8242824893915581,2.054563116860031e-17,54
33,12,13,0.08490295587512632,0.9150970441248736,0.19999999999999998,0.04662168617265186,-0.04662168617265202,0.9978240510013964,0.031482719095692786,0.9703973167696484,1.0842021724855044e-17,39
34,12,28,0.2,0.9150971269858926,0.08490301598753239,0.9978240510013966,-0.04662168617265203,0.04662168617265187,0.031482719136723465,0.8195662421925362,-2.4936649967166602e-18,39
35,13,14,0.08490295587512633,0.9150970441248739,0.5,0.0,0.0,1.0,0.031482719095692786,0.9733269901237763,-1.8106176280507924e-17,39
36,13,29,0.19999999999999993,0.9221246949998892,0.3499999999999999,0.9965790046487872,-0.08264555337846408,0.0,0.042965438273447,0.8227327450142912,-9.513874063560301e-18,54
37,14,15,0.08490295587512632,0.9150970441248735,0.7999999999999998,-0.04662168617265186,0.04662168617265202,0.9978240510013964,0.03148271909569279,0.9705382442202881,-5.963111948670274e-19,39
38,14,30,0.19999999999999996,0.9221246949998895,0.6499999999999997,0.9965790046487872,-0.08264555337846408,0.0,0.04296543827344695,0.822668530632454,-6.423897871976614e-18,54
39,15,31,0.19999999999999993,0.9150971269858923,0.9150969840124674,0.9978240510013966,-0.04662168617265203,-0.04662168617265203,0.03148271913672351,0.8187037097428291,1.1140177322288558e-17,39
40,16,17,0.34999999999999987,0.07787542641871757,0.19999999999999998,0.0,0.08264555337846424,0.9965790046487872,0.04296543819138561,0.6617348162433591,2.2638755460384092e-17,54
41,16,20,0.3499999999999999,0.19999999999999996,0.077875514526295,0.0,0.9965790046487872,0.08264555337846424,0.04296543827344696,0.6623540147772554,-2.6777358440668603e-17,54
42,16,32,0.5,0.08490287301410757,0.08490301598753239,1.0,0.0,0.0,0.03148271913672347,0.4998509145975923,2.859583229930518e-18,39
43,17,18,0.35000000000000003,0.07787542641871757,0.5,0.0,0.0,1.0,0.0429654381913856,0.662903948184092,2.107709140344318e-18,54
44,17,21,0.35,0.20000000000000004,0.3500000000000001,0.0,1.0,0.0,0.055930876546893965,0.6638862846135979,1.1030486555619126e-17,74
45,17,33,0.5,0.0778753050001103,0.3499999999999997,1.0,0.0,0.0,0.04296543827344702,0.500192012677343,-2.7050844203513336e-17,54
46,18,19,0.35,0.07787542641871757,0.7999999999999999,0.0,-0.08264555337846424,0.9965790046487872,0.04296543819138561,0.6614526434284799,-1.1986892632187638e-17,54
47,18,22,0.3500000000000001,0.2,0.6500000000000001,0.0,1.0,0.0,0.05593087654689393,0.663040190258382,6.186241602800738e-17,74
48,18,34,0.5,0.07787530500011032,0.65,1.0,0.0,0.0,0.042965438273446975,0.5005794387300877,5.204170427930421e-18,54
49,19,23,0.3499999999999998,0.19999999999999993,0.9221244854737044,0.0,0.9965790046487872,-0.08264555337846408,0.04296543827344697,0.6615907627219633,7.878253442412247e-18,54
50,19,35,0.5,0.08490287301410755,0.9150969840124681,1.0,0.0,0.0,0.031482719136723465,0.5000379246158345,6.532318089225164e-18,39
51,20,21,0.35000000000000014,0.35000000000000003,0.19999999999999996,0.0,0.0,1.0,0.05593087638277127,0.663467633167741,-3.6698337714503e-17,74
52,20,24,0.35,0.5,0.07787551452629506,0.0,1.0,0.0,0.042965438273446954,0.6628660546248718,8.884052127717526e-18,54
53,20,36,0.5000000000000001,0.3499999999999997,0.07787551452629497,1.0,0.0,0.0,0.04296543827344696,0.500808902589722,1.021860547567588e-17,54
54,21,22,0.35000000000000003,0.35000000000000003,0.5,0.0,0.0,1.0,0.055930876382771263,0.6640802832956137,9.074772183703672e-17,74
55,21,25,0.35000000000000003,0.5,0.3499999999999999,0.0,1.0,0.0,0.05593087654689397,0.6629239332826313,-4.7271214720367993e-17,74
56,21,37,0.5,0.3500000000000001,0.3500000000000001,1.0,0.0,0.0,0.05593087654689398,0.502818753612368,4.0007060164715114e-17,74
57,22,23,0.35000000000000014,0.35000000000000003,0.7999999999999997,0.0,0.0,1.0,0.05593087638277127,0.662332921888837,-1.6772946421529655e-17,74
58,22,26,0.3499999999999999,0.5,0.6500000000000001,0.0,1.0,0.0,0.05593087654689393,0.6621922545172895,-4.3855977877038654e-17,74
59,22,38,0.5,0.35000000000000003,0.65,1.0,0.0,0.0,0.055930876546893916,0.49943038278282476,-5.4155898515650946e-17,74
60,23,27,0.3500000000000002,0.5,0.9221244854737052,0.0,1.0,0.0,0.04296543827344695,0.6619183745249295,3.399010868433499e-17,54
61,23,39,0.5,0.35,0.9221244854737046,1.0,0.0,0.0,0.04296543827344697,0.5007364409806765,-2.0491421059976034e-17,54
62,24,25,0.35000000000000014,0.6500000000000002,0.19999999999999993,0.0,0.0,1.0,0.05593087638277122,0.662684759471178,-2.2573428044327104e-18,74
63,24,28,0.35,0.8000000000000002,0.07787551452629504,0.0,0.9965790046487872,-0.08264555337846424,0.042965438273446954,0.6617007753610427,-9.576130985183492e-18,54
64,24,40,0.5,0.6499999999999999,0.07787551452629496,1.0,0.0,0.0,0.042965438273446954,0.49997196704721203,-8.375461782450522e-18,54
65,25,26,0.34999999999999964,0.6499999999999997,0.5,0.0,0.0,1.0,0.05593087638277125,0.6629913041078357,7.865886761382335e-17,74
66,25,29,0.3500000000000001,0.7999999999999996,0.34999999999999987,0.0,1.0,0.0,0.055930876546893965,0.6628403307508108,-1.248704441171762e-16,74
67,25,41,0.5,0.6500000000000001,0.35,1.0,0.0,0.0,0.05593087654689401,0.5003853476534104,4.960224939121183e-17,74
68,26,27,0.34999999999999976,0.6499999999999998,0.7999999999999997,0.0,0.0,1.0,0.05593087638277124,0.662681480716191,6.296842929888469e-18,74
69,26,30,0.3500000000000001,0.8,0.6500000000000001,0.0,1.0,0.0,0.05593087654689392,0.662945729798413,-4.467145884700773e-17,74
70,26,42,0.5000000000000001,0.6499999999999999,0.6499999999999997,1.0,0.0,0.0,0.05593087654689393,0.49858877340107727,-8.223673478302551e-17,74
71,27,31,0.3500000000000001,0.8,0.9221244854737047,0.0,0.9965790046487872,0.08264555337846408,0.04296543827344696,0.6611808936064199,-1.3609596000890064e-17,54
72,27,43,0.5,0.6499999999999998,0.9221244854737047,1.0,0.0,0.0,0.04296543827344698,0.5001025387620419,-8.375461782450522e-18,54
73,28,29,0.35,0.9221245735812825,0.2,0.0,-0.08264555337846408,0.9965790046487872,0.04296543819138563,0.6612870954377947,2.070910852742039e-17,54
74,28,44,0.5,0.9150971269858924,0.08490301598753237,1.0,0.0,0.0,0.03148271913672347,0.5006287103096255,4.025100565352435e-18,39
75,29,30,0.35000000000000003,0.9221245735812825,0.5,0.0,0.0,1.0,0.04296543819138563,0.662145417259623,2.862954818107284e-18,54
76,29,45,0.5,0.9221246949998892,0.3500000000000001,1.0,0.0,0.0,0.042965438273446996,0.5006155363196223,1.0245710529988017e-17,54
77,30,31,0.34999999999999987,0.9221245735812824,0.7999999999999997,0.0,0.08264555337846408,0.9965790046487872,0.04296543819138564,0.6612115659396333,2.39024227385691e-17,54
78,30,46,0.5,0.9221246949998898,0.6499999999999999,1.0,0.0,0.0,0.04296543827344694,0.49963497082693353,-3.447762908503904e-17,54
79,31,47,0.5,0.9150971269858925,0.9150969840124675,1.0,0.0,0.0,0.0314827191367235,0.5001995835293966,-7.047314121155779e-19,39
80,32,33,0.65,0.07787542641871757,0.2,0.0,0.08264555337846424,0.9965790046487872,0.042965438191385576,0.3393756926257239,9.96216625089464e-18,54
81,32,36,0.6499999999999999,0.2,0.07787551452629501,0.0,0.9965790046487872,0.08264555337846424,0.04296543827344695,0.33996229792615673,-4.07009919067532e-18,54
82,32,48,0.7999999999999999,0.08490287301410755,0.08490301598753236,0.9978240510013966,-0.04662168617265187,-0.04662168617265187,0.03148271913672347,0.1816985106858889,2.168404344971009e-19,39
83,33,34,0.6500000000000001,0.07787542641871756,0.5,0.0,0.0,1.0,0.042965438191385576,0.3390146893543393,3.5660550300549074e-18,54
84,33,37,0.6499999999999998,0.19999999999999993,0.35000000000000003,0.0,1.0,0.0,0.05593087654689398,0.3377605378795557,-1.1824156427196406e-17,74
85,33,49,0.7999999999999997,0.07787530500011035,0.35,0.9965790046487872,-0.08264555337846424,0.0,0.042965438273447,0.1788647254611778,2.8731357570865868e-18,54
86,34,35,0.65,0.07787542641871757,0.7999999999999996,0.0,-0.08264555337846424,0.9965790046487872,0.04296543819138558,0.34058889995422664,-9.91833229587423e-18,54
87,34,38,0.6500000000000001,0.19999999999999993,0.6499999999999999,0.0,1.0,0.0,0.055930876546893944,0.33898689944372545,-1.8728957254976648e-17,74
88,34,50,0.7999999999999996,0.07787530500011035,0.65,0.9965790046487872,-0.08264555337846424,0.0,0.04296543827344698,0.17775169359736262,5.177065373618284e-18,54
89,35,39,0.6499999999999996,0.2,0.922124485473705,0.0,0.9965790046487872,-0.08264555337846408,0.04296543827344697,0.3401572046899072,1.2360751799282005e-17,54
90,35,51,0.7999999999999999,0.08490287301410754,0.9150969840124678,0.9978240510013966,-0.04662168617265187,0.04662168617265203,0.03148271913672347,0.18237491586398105,-1.2197274440461925e-19,39
91,36,37,0.6500000000000001,0.35000000000000003,0.20000000000000007,0.0,0.0,1.0,0.05593087638277123,0.33808619572273374,-2.0064304696323053e-17,74
92,36,40,0.65,0.5,0.07787551452629504,0.0,1.0,0.0,0.042965438273446954,0.3385083169817487,-3.429636403432662e-18,54
93,36,52,0.8000000000000003,0.35000000000000003,0.07787551452629499,0.9965790046487872,0.0,-0.08264555337846424,0.04296543827344694,0.1781412168462152,-5.692061405548898e-19,54
94,37,38,0.65,0.35,0.5,0.0,0.0,1.0,0.05593087638277125,0.336008825942783,-8.131516293641283e-18,74
95,37,41,0.6500000000000001,0.5,0.35,0.0,1.0,0.0,0.055930876546893965,0.3357059230261865,-1.555830117516699e-17,74
96,37,53,0.8000000000000004,0.3500000000000001,0.3500000000000002,1.0,0.0,0.0,0.05593087654689398,0.171666816417417,2.2659825404947043e-17,74
97,38,39,0.65,0.34999999999999987,0.7999999999999996,0.0,0.0,1.0,0.05593087638277126,0.3378924658638731,4.866839556686396e-18,74
98,38,42,0.6500000000000004,0.5,0.6500000000000002,0.0,1.0,0.0,0.05593087654689394,0.3365481636283926,3.450473413935118e-17,74
99,38,54,0.8,0.35,0.65,1.0,0.0,0.0,0.05593087654689391,0.17100542245868527,-7.968885967768458e-18,74
100,39,43,0.6499999999999998,0.5,0.9221244854737042,0.0,1.0,0.0,0.042965438273446975,0.33843604779774694,1.0634392773659334e-17,54
101,39,55,0.7999999999999996,0.35000000000000003,0.9221244854737047,0.9965790046487872,0.0,0.08264555337846408,0.042965438273446975,0.17912327421897106,-5.231275482242559e-18,54
102,40,41,0.6500000000000002,0.6500000000000001,0.19999999999999996,0.0,0.0,1.0,0.055930876382771236,0.33755704168273154,2.218696926214233e-17,74
103,40,44,0.6499999999999996,0.7999999999999998,0.077875514526295,0.0,0.9965790046487872,-0.08264555337846424,0.04296543827344697,0.3391939372814922,-2.684565047204098e-18,54
104,40,56,0.8000000000000004,0.6500000000000004,0.07787551452629503,0.9965790046487872,0.0,-0.08264555337846424,0.042965438273446926,0.1779733779263104,-1.089623183347932e-17,54
105,41,42,0.65,0.6499999999999999,0.5,0.0,0.0,1.0,0.05593087638277125,0.3373667391538738,-4.336808689942018e-19,74
106,41,45,0.6499999999999999,0.7999999999999999,0.3499999999999998,0.0,1.0,0.0,0.05593087654689399,0.3376021146934616,-8.276570685858582e-18,74
107,41,57,0.7999999999999999,0.6500000000000005,0.35000000000000026,1.0,0.0,0.0,0.055930876546893986,0.17141506968797746,-9.75781955236954e-19,74
108,42,43,0.6500000000000004,0.6500000000000004,0.8000000000000004,0.0,0.0,1.0,0.055930876382771215,0.33785284201591537,-1.9658251659788122e-17,74
109,42,46,0.6499999999999997,0.7999999999999998,0.6499999999999999,0.0,1.0,0.0,0.05593087654689395,0.33933565891569434,2.782728224856991e-17,74
110,42,58,0.7999999999999998,0.6499999999999999,0.6499999999999999,1.0,0.0,0.0,0.05593087654689393,0.16856799848294451,8.40256683676266e-18,74
111,43,47,0.6499999999999999,0.7999999999999998,0.9221244854737043,0.0,0.9965790046487872,0.08264555337846408,0.04296543827344697,0.33905016347484784,2.1895801686523664e-18,54
112,43,59,0.8000000000000002,0.6499999999999998,0.9221244854737051,0.9965790046487872,0.0,0.08264555337846408,0.04296543827344696,0.17678482862948158,-1.8431436932253575e-18,54
113,44,45,0.65,0.9221245735812825,0.2,0.0,-0.08264555337846408,0.9965790046487872,0.0429654381913856,0.33860484972963556,-2.6291108589385432e-17,54
114,44,60,0.8000000000000002,0.9150971269858924,0.08490301598753237,0.9978240510013966,0.04662168617265203,-0.04662168617265187,0.03148271913672347,0.18033484296152413,-1.4772254600114998e-18,39
115,45,46,0.65,0.9221245735812819,0.5,0.0,0.0,1.0,0.04296543819138561,0.3385932602745348,1.0885220405165014e-17,54
116,45,61,0.8000000000000004,0.9221246949998895,0.35000000000000003,0.9965790046487872,0.08264555337846408,0.0,0.042965438273447,0.17723925797236087,3.3610267347050637e-18,54
117,46,47,0.6500000000000001,0.9221245735812826,0.8000000000000004,0.0,0.08264555337846408,0.9965790046487872,0.0429654381913856,0.3394081100336424,1.2818996623746581e-17,54
118,46,62,0.7999999999999998,0.9221246949998898,0.6499999999999998,0.9965790046487872,0.08264555337846408,0.0,0.04296543827344695,0.17680052524579878,-1.5504091066542713e-17,54
119,47,63,0.7999999999999999,0.9150971269858923,0.9150969840124675,0.9978240510013966,0.04662168617265203,0.04662168617265203,0.0314827191367235,0.1816594854149361,3.6591823321385775e-19,39
120,48,49,0.9150970441248734,0.08490295587512638,0.19999999999999998,-0.04662168617265202,0.04662168617265186,0.9978240510013964,0.03148271909569279,0.029410541732584162,-7.420008617947671e-19,39
121,48,52,0.9150971269858927,0.2000000000000001,0.08490301598753242,-0.04662168617265203,0.9978240510013966,0.04662168617265187,0.031482719136723465,0.029390344528849328,2.1108061045577164e-18,39
122,49,50,0.9150970441248738,0.08490295587512638,0.5,0.0,0.0,1.0,0.03148271909569279,0.02613613935556928,-7.165898733771381e-19,39
123,49,53,0.9221246949998898,0.19999999999999998,0.3500000000000001,-0.08264555337846408,0.9965790046487872,0.0,0.042965438273446954,0.018384817712730366,-2.757939276260002e-18,54
124,50,51,0.9150970441248737,0.08490295587512639,0.8000000000000002,0.04662168617265202,-0.04662168617265186,0.9978240510013964,0.031482719095692786,0.029564907017789886,8.961608581950498e-19,39
125,50,54,0.92212469499989,0.20000000000000007,0.6500000000000002,-0.08264555337846408,0.9965790046487872,0.0,0.04296543827344694,0.018518655343417522,3.564314642046096e-18,54
126,51,55,0.9150971269858923,0.19999999999999998,0.9150969840124675,-0.04662168617265203,0.9978240510013966,-0.04662168617265203,0.031482719136723486,0.029549923562867952,-1.6881366638778206e-18,39
127,52,53,0.9221245735812822,0.34999999999999987,0.19999999999999993,-0.08264555337846408,0.0,0.9965790046487872,0.04296543819138559,0.018624013032608737,-5.846221401949181e-18,54
128,52,56,0.9150971269858924,0.5,0.08490301598753239,0.0,1.0,0.0,0.03148271913672348,0.026026274280177137,-2.964615315390051e-18,39
129,53,54,0.9221245735812826,0.3499999999999999,0.5,0.0,0.0,1.0,0.04296543819138559,0.014151429194147034,-5.236357679926085e-18,54
130,53,57,0.92212469499989,0.5,0.35,0.0,1.0,0.0,0.042965438273446954,0.01423363986795731,-2.439454888092385e-19,54
131,54,55,0.9221245735812819,0.3499999999999999,0.7999999999999997,0.08264555337846408,0.0,0.9965790046487872,0.04296543819138559,0.018393331320139535,-6.505213034913027e-19,54
132,54,58,0.9221246949998908,0.5,0.6500000000000006,0.0,1.0,0.0,0.042965438273446926,0.014244245127085981,-6.4408385309217e-18,54
133,55,59,0.9150971269858919,0.5,0.9150969840124672,0.0,1.0,0.0,0.03148271913672349,0.02596926355321593,-2.710505431213761e-20,39
134,56,57,0.9221245735812829,0.65,0.19999999999999998,-0.08264555337846408,0.0,0.9965790046487872,0.04296543819138558,0.018493401401056753,-4.4824983568697574e-18,54
135,56,60,0.9150971269858923,0.7999999999999998,0.08490301598753239,0.04662168617265203,0.9978240510013966,-0.04662168617265187,0.03148271913672348,0.02897553635364857,-6.2680438096818225e-19,39
136,57,58,0.9221245735812823,0.65,0.5,0.0,0.0,1.0,0.04296543819138559,0.014102352258041037,1.435720845596039e-17,54
137,57,61,0.9221246949998897,0.7999999999999996,0.35000000000000003,0.08264555337846408,0.9965790046487872,0.0,0.042965438273446954,0.018502496051489986,8.05020113070487e-18,54
138,58,59,0.9221245735812826,0.6499999999999999,0.8000000000000002,0.08264555337846408,0.0,0.9965790046487872,0.04296543819138559,0.01831307344905352,-3.2610768469290563e-18,54
139,58,62,0.9221246949998901,0.8000000000000003,0.6500000000000001,0.08264555337846408,0.9965790046487872,0.0,0.04296543827344695,0.018234527989430958,-2.414043899674756e-18,54
140,59,63,0.915097126985892,0.7999999999999996,0.915096984012467,0.04662168617265203,0.9978240510013966,0.04662168617265203,0.03148271913672349,0.029653128330435544,-6.403569081242511e-19,39
141,60,61,0.9150970441248735,0.9150970441248737,0.20000000000000004,-0.04662168617265202,-0.04662168617265202,0.9978240510013964,0.03148271909569279,0.029347415700705516,-1.4967072177983487e-18,39
142,61,62,0.9150970441248732,0.915097044124873,0.5,0.0,0.0,1.0,0.03148271909569281,0.026436174527921054,-5.7149312951247644e-18,39
143,62,63,0.9150970441248739,0.9150970441248741,0.8000000000000004,0.04662168617265202,0.04662168617265202,0.9978240510013964,0.031482719095692786,0.029795886720330938,1.4086157912839015e-18,39
