method,time,watercut,recovery,mass,budget_mass,raw_mass,boundary_water_net_outflow,water_inflow_rate,water_outflow_rate,pore_volumes_injected,mass_balance_absolute_residual,mass_balance_relative_residual,cumulative_budget_residual,min_s,max_s,raw_min_s_before_limiter,raw_max_s_before_limiter,raw_below_lower_bound_before_limiter,raw_above_upper_bound_before_limiter,picard_iterations,picard_converged,limiter_mass_residual
FEM,0.0,0.0,7.333997485867926e-17,0.18922542357774103,0.18922542357774103,0.18922542357774103,0.0,0.0,0.0,0.0,0.0,0.0,0.0,0.2,0.2,0.2,0.2,0,0,0,True,0.0
FEM,0.1,1.0023678654235595e-18,0.0009616801890113841,0.18995332094218897,0.18995332094218906,0.189953320942189,-0.007278973644480306,0.007278973644480301,2.5221530885315204e-20,0.0007693441512091343,-8.153200337090993e-17,1.1201030166215294e-13,-8.326672684688674e-17,0.2,0.5214474073332229,0.14948366109698857,1.1858567504959603,1656,1,6,False,2.7755575615628914e-17
FEM,0.2,4.058862833504112e-18,0.001923360378022695,0.19068121830663692,0.1906812183066371,0.19068121830663698,-0.007278973644480306,0.007278973644480301,5.73330700242653e-20,0.0015386883024182687,-8.153200337090993e-17,1.1201030166215294e-13,-1.6653345369377348e-16,0.2,0.6294056196254851,0.16231902736116538,0.9887192163461708,1653,1,6,False,2.7755575615628914e-17
FEM,0.30000000000000004,9.180595154136641e-18,0.0028850405670341524,0.19140911567108498,0.19140911567108512,0.19140911567108498,-0.007278973644480306,0.007278973644480301,1.0155065483225094e-19,0.002308032453627403,2.949029909160572e-17,4.051436443098981e-14,-1.3877787807814457e-16,0.2,0.685330171839969,0.17261667521534138,0.8596108703501445,1650,2,6,False,0.0
FEM,0.4,1.6211292958157756e-17,0.0038467207560455366,0.192137013035533,0.19213701303553316,0.192137013035533,-0.007278973644480306,0.007278973644480301,1.564577845306789e-19,0.0030773766048365373,-2.6020852139652106e-17,3.574796861558072e-14,-1.6653345369377348e-16,0.2,0.7195934619006491,0.17843250673394612,0.9399316765627144,1629,1,6,False,0.0
FEM,0.5,2.4793075207250578e-17,0.0048084009450569945,0.19286491039998105,0.1928649103999812,0.192864910399981,-0.007278973644480306,0.007278973644480301,2.1977950707870685e-19,0.003846720756045672,2.949029909160572e-17,4.051436443098981e-14,-1.3877787807814457e-16,0.2,0.7421595708631197,0.18052763994813786,0.9583744145926453,1605,1,6,False,0.0
FEM,0.6,3.443195379577608e-17,0.005770081134068305,0.193592807764429,0.19359280776442922,0.19359280776442903,-0.007278973644480306,0.007278973644480301,2.883396374816269e-19,0.0046160649072548065,-8.153200337090993e-17,1.1201030166215294e-13,-2.220446049250313e-16,0.2,0.7578078947742276,0.18287928693301575,0.965717560505268,1580,1,6,False,0.0
FEM,0.7,4.451525039496526e-17,0.006731761323079616,0.19432070512887695,0.19432070512887725,0.194320705128877,-0.007278973644480306,0.007278973644480301,3.5850854712049425e-19,0.005385409058463941,-8.153200337090993e-17,1.1201030166215294e-13,-3.0531133177191805e-16,0.2,0.7688015071358657,0.1853454964676672,0.9631046358327711,1556,3,6,False,2.7755575615628914e-17
FEM,0.7999999999999999,5.448833810049065e-17,0.007693441512090964,0.19504860249332492,0.19504860249332528,0.19504860249332495,-0.007278973644480306,0.007278973644480301,4.2629568429816235e-19,0.0061547532096730756,-5.377642775528102e-17,7.387913513886683e-14,-3.608224830031759e-16,0.2,0.7771017571022287,0.18764064058652014,0.9515183063700673,1522,5,6,True,2.7755575615628914e-17
FEM,0.8999999999999999,6.383713053835856e-17,0.008655121701102384,0.19577649985777296,0.19577649985777332,0.19577649985777296,-0.007278973644480305,0.007278973644480301,4.88562757721394e-19,0.00692409736088221,1.8431436932253575e-18,2.53214777693696e-15,-3.608224830031759e-16,0.2,0.7834888491358114,0.1889611876307495,0.9309180683352402,1476,9,6,True,0.0
FEM,0.9999999999999999,7.20458217618042e-17,0.009616801890113769,0.19650439722222096,0.19650439722222135,0.19650439722222096,-0.007278973644480305,0.007278973644480301,5.4273237544146445e-19,0.007693441512091345,-2.5912431922403556e-17,3.5599018746349135e-14,-3.885780586188048e-16,0.2,0.7881221996222324,0.1902123462761231,0.9032238344661355,1392,10,6,True,5.551115123125783e-17
FEM,1.0999999999999999,7.879912634438812e-17,0.010578482079125153,0.19723229458666897,0.19723229458666938,0.19723229458666897,-0.007278973644480305,0.007278973644480301,5.867368678219765e-19,0.00846278566330048,-2.5912431922403556e-17,3.5599018746349135e-14,-4.163336342344337e-16,0.2,0.7915548633181854,0.19117224157704346,0.8731487687155283,1236,12,6,True,0.0
FEM,1.2,8.414427616386885e-17,0.011540162268136464,0.19796019195111692,0.19796019195111741,0.19796019195111694,-0.007278973644480305,0.007278973644480301,6.219320510449994e-19,0.009232129814509613,-8.142358315366138e-17,1.1186135179292134e-13,-4.996003610813204e-16,0.2,0.7937407044412397,0.19155507703837749,0.8736016629981475,1142,12,6,True,2.7755575615628914e-17
FEM,1.3,8.890970697220236e-17,0.012501842457147774,0.19868808931556486,0.19868808931556545,0.19868808931556492,-0.007278973644480305,0.007278973644480301,6.530457280368005e-19,0.010001473965718747,-8.142358315366138e-17,1.1186135179292134e-13,-5.828670879282072e-16,0.2,0.7956056166261145,0.19194858865103612,0.8734982478791701,1077,14,6,True,0.0
FEM,1.4000000000000001,9.421499660767606e-17,0.013463522646159232,0.19941598668001292,0.19941598668001348,0.19941598668001292,-0.007278973644480305,0.007278973644480301,6.890648264281411e-19,0.01077081811692788,2.959871930885427e-17,4.06633143002214e-14,-5.551115123125783e-16,0.2,0.7968785320719465,0.1923455522046023,0.8730804729782373,1012,17,6,True,0.0
FEM,1.5000000000000002,1.0148025492913028e-16,0.01442520283517069,0.20014388404446098,0.2001438840444615,0.20014388404446098,-0.007278973644480305,0.007278973644480301,7.39684690709334e-19,0.011540162268137014,2.959871930885427e-17,4.06633143002214e-14,-5.273559366969494e-16,0.2,0.7978929463310627,0.19273713360061862,0.8720041814769124,943,20,6,True,-2.7755575615628914e-17
FEM,1.6000000000000003,1.1211860959452122e-16,0.01538688302418211,0.20087178140890902,0.20087178140890954,0.20087178140890904,-0.007278973644480305,0.007278973644480301,8.151397155937531e-19,0.012309506419346148,1.8431436932253575e-18,2.53214777693696e-15,-5.273559366969494e-16,0.2,0.7986579910618563,0.19311799181031356,0.8705473851185377,897,21,6,True,-2.7755575615628914e-17
FEM,1.7000000000000004,1.273214564824866e-16,0.016348563213193605,0.2015996787733571,0.20159967877335758,0.20159967877335705,-0.007278973644480305,0.007278973644480301,9.24120100709934e-19,0.013078850570555281,5.735429492448318e-17,7.879448082350293e-14,-4.718447854656915e-16,0.2,0.7991596201680898,0.1934837861043508,0.8686989812713366,853,29,6,True,-2.7755575615628914e-17
FEM,1.8000000000000005,2.4923149830842795e-11,0.017310243402204915,0.20232757613780505,0.2023275761378056,0.2023275761378051,-0.007278973644480305,0.007278973644480301,1.0724464548949568e-18,0.013848194721764415,-8.142358315366138e-17,1.1186135179292134e-13,-5.551115123125783e-16,0.20000133871593379,0.8,0.19383092675394858,0.8664660097378973,798,34,6,True,8.326672684688674e-17
FEM,1.9000000000000006,3.315325794573871e-09,0.01827192359119239,0.20305547350223496,0.2030554735022356,0.20305547350223505,-0.007278973644299905,0.007278973644480301,1.8040072288126638e-13,0.014617538872973549,-8.250778532614689e-17,1.1335085048242795e-13,-6.38378239159465e-16,0.2000141100545582,0.8,0.19416412445596665,0.8644656017240573,283,37,6,True,8.326672684688674e-17
FEM,2.0000000000000004,3.513097469395185e-08,0.019233603777033544,0.20378337086428341,0.20378337086428405,0.20378337086428341,-0.007278973620484383,0.007278973644480301,2.399592308864854e-11,0.015386883024182682,1.3552527156068805e-17,1.8618733592569626e-14,-6.38378239159465e-16,0.20003484045739667,0.8,0.19448539757356645,0.8616114758815384,202,40,6,True,0.0
FEM,2.1000000000000005,1.2328374498532715e-07,0.020195283932451076,0.20451126820330418,0.20451126820330484,0.20451126820330418,-0.007278973390207762,0.007278973644480301,2.5427254422147793e-10,0.016156227175391818,-1.5178830414797062e-17,2.0852980963975913e-14,-6.661338147750939e-16,0.20004391448136324,0.8,0.1947925473355933,0.8588027072012174,168,43,6,True,0.0
FEM,2.2000000000000006,3.086642504900266e-07,0.021156964003573,0.20523916547852145,0.2052391654785222,0.2052391654785215,-0.007278972752173569,0.007278973644480301,8.923067375861882e-10,0.01692557132660095,-8.61940727125976e-17,1.1841513152296852e-13,-7.494005416219807e-16,0.20005484827370554,0.8,0.1950672145425499,0.8561221371970715,154,47,6,True,5.551115123125783e-17
FEM,2.3000000000000007,6.082257946005346e-07,0.022118643897426626,0.20596706261956405,0.20596706261956477,0.20596706261956407,-0.007278971410425619,0.007278973644480301,2.234054686855168e-09,0.017694915477810085,3.74049749507499e-17,5.138768911304355e-14,-7.216449660063518e-16,0.20006016880338817,0.8,0.19532469377827083,0.8536197510905197,148,50,6,True,-2.7755575615628914e-17
FEM,2.400000000000001,1.0084843104570554e-06,0.023080323504827954,0.2066949595437904,0.20669495954379113,0.20669495954379044,-0.007278969242263719,0.007278973644480301,4.402216586946005e-09,0.01846425962901922,-4.228388472693467e-18,5.809041386808768e-15,-7.216449660063518e-16,0.20006017177382598,0.8,0.1955590215604763,0.8513068402494826,147,52,6,True,2.7755575615628914e-17
FEM,2.500000000000001,1.496282389804637e-06,0.024042002729487828,0.20742285617831913,0.20742285617831988,0.20742285617831918,-0.0072789663452873035,0.007278973644480301,7.299193002724779e-09,0.019233603780228353,-1.734723475976807e-17,2.3831955178898806e-14,-7.494005416219807e-16,0.20005873112033715,0.8,0.1957719261601791,0.8491934049364038,153,53,6,True,5.551115123125783e-17
FEM,2.600000000000001,1.9905642626490655e-06,0.025003681487699155,0.20815075245979214,0.20815075245979292,0.2081507524597922,-0.007278962814730407,0.007278973644480301,1.0829749899126977e-08,0.020002947931437486,-2.3527187142935446e-17,3.232207353406067e-14,-7.771561172376096e-16,0.20005032116090007,0.8,0.195968654274712,0.8472796439089193,155,54,6,True,0.0
FEM,2.700000000000001,2.5051742545680895e-06,0.02596535977326317,0.2088786483835176,0.2088786483835184,0.20887864838351766,-0.007278959237254977,0.007278973644480301,1.4407225329769256e-08,0.02077229208264662,-3.426078865054194e-17,4.7068065515664455e-14,-8.049116928532385e-16,0.20004609559545833,0.8,0.19614484100208304,0.8455506133807741,153,56,6,True,5.551115123125783e-17
FEM,2.800000000000001,3.083837161609053e-06,0.026927037566742716,0.2096065439347835,0.2096065439347843,0.2096065439347835,-0.007278955512659007,0.007278973644480301,1.8131821298392256e-08,0.021541636233855754,-5.421010862427522e-19,7.447474910023729e-16,-8.049116928532385e-16,0.20004647094430306,0.8,0.1962316455372394,0.8439872450301974,152,57,6,True,2.7755575615628914e-17
FEM,2.9000000000000012,3.6584622368203696e-06,0.02788871480688983,0.21033443906723115,0.21033443906723193,0.21033443906723115,-0.007278951324476265,0.007278973644480301,2.2320004040776294e-08,0.022310980385064887,1.5829351718288365e-17,2.174661422471299e-14,-7.771561172376096e-16,0.20004199473284556,0.8,0.1962946006017491,0.8425711241065968,156,59,6,True,0.0
FEM,3.0,4.365251266959856e-06,0.028850391497566668,0.2110623337837838,0.21106233378378464,0.21106233378378386,-0.007278947165527132,0.007278973644480301,2.647895317440792e-08,0.02308032453627401,-4.694595406862234e-17,6.449505876155791e-14,-8.326672684688674e-16,0.20004734908066724,0.8,0.19634599118871496,0.8412865994879728,157,64,6,True,5.551115123125783e-17
Classic-DDPNM-1,0.0,0.0,7.333997485867926e-17,0.18922542357774103,0.18922542357774103,0.18922542357774103,0.0,0.0,0.0,0.0,0.0,0.0,0.0,0.2,0.2,0.2,0.2,0,0,0,True,0.0
Classic-DDPNM-1,0.1,2.446128436438876e-18,0.0016657288644056055,0.19048621657747225,0.19048621657747236,0.19048621657747228,-0.012607929997313243,0.01260792999731324,9.090515877177156e-20,0.0013325830915245304,-9.93129189996722e-17,7.877020178636452e-14,-1.1102230246251565e-16,0.2,0.5471902523734964,0.14463101449727195,1.8215427757872327,1679,1,6,False,0.0
Classic-DDPNM-1,0.2,9.492201950779546e-18,0.003331457728811211,0.19174700957720353,0.1917470095772037,0.19174700957720353,-0.012607929997313243,0.01260792999731324,2.0183209373157712e-19,0.0026651661830490608,-4.380176776841438e-17,3.474144270926994e-14,-1.6653345369377348e-16,0.2,0.6599413069542978,0.15860759822431778,0.944000659499047,1666,1,6,False,-2.7755575615628914e-17
Classic-DDPNM-1,0.30000000000000004,2.018130180531777e-17,0.004997186593216779,0.19300780257693478,0.19300780257693503,0.19300780257693484,-0.012607929997313243,0.01260792999731324,3.3868311908903484e-19,0.003997749274573591,-7.155734338404329e-17,5.6755822247817224e-14,-2.498001805406602e-16,0.2,0.7177705076149451,0.16732672969360524,0.951389926119999,1649,1,6,False,0.0
Classic-DDPNM-1,0.4,3.2607957845682096e-17,0.006662915457622458,0.19426859557666612,0.19426859557666637,0.1942685955766661,-0.012607929997313243,0.01260792999731324,4.846809668571042e-19,0.0053303323660981216,1.1709383462843448e-17,9.287316367824548e-15,-2.498001805406602e-16,0.2,0.750160192444807,0.17509493809812024,0.8536926053266398,1576,4,6,False,-2.7755575615628914e-17
Classic-DDPNM-1,0.5,4.4842642158044905e-17,0.008328644322028027,0.19552938857639737,0.1955293885763977,0.1955293885763974,-0.012607929997313243,0.01260792999731324,6.189585637780527e-19,0.006662915457622652,-7.155734338404329e-17,5.6755822247817224e-14,-3.3306690738754696e-16,0.2,0.7709120364235684,0.17990916172370638,0.907426129182265,1484,8,6,False,5.551115123125783e-17
Classic-DDPNM-1,0.6,5.498664296606144e-17,0.009994373186433633,0.19679018157612865,0.19679018157612904,0.19679018157612868,-0.012607929997313243,0.01260792999731324,7.279563131862826e-19,0.007995498549147183,-4.380176776841438e-17,3.474144270926994e-14,-3.885780586188048e-16,0.2,0.782947509798901,0.18410454380046185,0.9192467743238277,1326,13,6,False,0.0
Classic-DDPNM-1,0.7,6.335193447713815e-17,0.011660102050839274,0.19805097457585996,0.19805097457586038,0.19805097457585996,-0.012607929997313243,0.01260792999731324,8.167318064893559e-19,0.009328081640671714,-1.6046192152785466e-17,1.272706317072265e-14,-4.163336342344337e-16,0.2,0.7907353548967933,0.18697886853998288,0.9267239785667727,1212,20,6,False,0.0
Classic-DDPNM-1,0.7999999999999999,7.261382070368344e-17,0.013325830915244917,0.19931176757559127,0.19931176757559171,0.19931176757559127,-0.012607929997313241,0.01260792999731324,9.225494891318373e-19,0.010660664732196245,-1.5829351718288365e-17,1.2555075830577748e-14,-4.440892098500626e-16,0.2,0.7950684247993959,0.1877204982252162,0.9307868175444056,1124,24,6,False,-5.551115123125783e-17
Classic-DDPNM-1,0.8999999999999999,8.556735099887162e-17,0.014991559779650523,0.20057256057532255,0.20057256057532305,0.2005725605753226,-0.012607929997313241,0.01260792999731324,1.078829112684976e-18,0.011993247823720776,-4.358492733391728e-17,3.4569455369125033e-14,-4.996003610813204e-16,0.2,0.7973505045454604,0.18839607942929398,0.9316685788006889,1052,30,6,False,2.7755575615628914e-17
Classic-DDPNM-1,0.9999999999999999,1.0334902613941934e-16,0.01665728864405631,0.20183335357505397,0.20183335357505439,0.2018333535750539,-0.012607929997313241,0.01260792999731324,1.291918858566244e-18,0.013325830915245307,9.519295074422729e-17,7.550244232360568e-14,-4.163336342344337e-16,0.2,0.799910717750311,0.18788294724508262,0.9302318789490789,1000,38,6,False,-5.551115123125783e-17
Classic-DDPNM-1,1.0999999999999999,8.488620817304185e-08,0.018323017508461808,0.20309414657478517,0.20309414657478572,0.20309414657478522,-0.012607929997313241,0.01260792999731324,1.5394471827820317e-18,0.014658414006769838,-1.2685165418080402e-16,1.0061259398476688e-13,-5.551115123125783e-16,0.20007816714689147,0.8,0.18736071527567608,0.9284693110952065,923,46,6,False,2.7755575615628914e-17
Classic-DDPNM-1,1.2,4.845231348894608e-07,0.01998874623271978,0.20435493946843847,0.20435493946843894,0.2043549394684384,-0.012607928936532134,0.01260792999731324,1.060781108910395e-09,0.01599099709829437,8.738669510233166e-17,6.931089224685203e-14,-4.718447854656915e-16,0.2001085663204276,0.8,0.1869042005358365,0.923529620443444,181,53,6,False,0.0
Classic-DDPNM-1,1.3,1.34725798807055e-06,0.021654474297205364,0.20561573186270893,0.20561573186270937,0.20561573186270893,-0.012607923942704392,0.01260792999731324,6.05460885010369e-09,0.0173235801898189,2.0816681711721685e-17,1.651077672506767e-14,-4.440892098500626e-16,0.2001246170280593,0.8,0.18639327490134106,0.9199605289888101,171,59,6,False,0.0
Classic-DDPNM-1,1.4000000000000001,2.7737757653573735e-06,0.023320200937464203,0.20687652317897975,0.2068765231789802,0.20687652317897975,-0.012607913162708283,0.01260792999731324,1.6834604959667432e-08,0.018656163281343428,-2.168404344971009e-18,1.7198711050093343e-15,-4.440892098500626e-16,0.20013535591014706,0.8,0.18588340520694713,0.9174484794911292,155,64,6,False,0.0
Classic-DDPNM-1,1.5000000000000002,4.790605276731781e-06,0.024985925222950487,0.20813731271291924,0.20813731271291966,0.2081373127129192,-0.012607895339394598,0.01260792999731324,3.4657918645099127e-08,0.019988746372867957,2.8189256484623115e-17,2.2358292758161815e-14,-4.163336342344337e-16,0.2001403097988969,0.8,0.18540704166814095,0.9152492163077217,145,71,6,False,-5.551115123125783e-17
Classic-DDPNM-1,1.6000000000000003,7.991920200801854e-06,0.026651646179472424,0.20939809972715998,0.20939809972716042,0.20939809972716,-0.012607870142407543,0.01260792999731324,5.985490570029094e-08,0.021321329464392486,-2.1467203015212988e-17,1.7026665841926318e-14,-4.440892098500626e-16,0.20017110830091372,0.8,0.18497323528249815,0.9133547451218675,142,80,6,False,2.7755575615628914e-17
Classic-DDPNM-1,1.7000000000000004,1.279654544284076e-05,0.028317361852367905,0.2106588827422149,0.21065888274221536,0.2106588827422149,-0.012607830150549426,0.01260792999731324,9.984676381754375e-08,0.022653912555917016,-2.5587171270657905e-17,2.029434541882698e-14,-4.718447854656915e-16,0.20020109137753359,0.8,0.18460251861153804,0.9116749688626906,127,84,6,False,2.7755575615628914e-17
Classic-DDPNM-1,1.8000000000000005,1.8825738784972987e-05,0.02998306959623364,0.21191965975577376,0.21191965975577423,0.21191965975577376,-0.012607770135588768,0.01260792999731324,1.5986172447482183e-07,0.023986495647441545,-9.974659986866641e-18,7.911317335446034e-15,-4.718447854656915e-16,0.20020414204356218,0.8,0.18425555343548755,0.9101329505122183,129,84,6,False,0.0
Classic-DDPNM-1,1.9000000000000006,2.6086297551530355e-05,0.0316487673912426,0.21318042923902608,0.21318042923902653,0.21318042923902608,-0.012607694832523029,0.01260792999731324,2.3516479021477667e-07,0.025319078738966074,1.9081958235744878e-17,1.5134603640107603e-14,-4.440892098500626e-16,0.20020601798753024,0.8,0.18389734256773727,0.9086771360255479,126,89,6,False,0.0
Classic-DDPNM-1,2.0000000000000004,3.4533861660227865e-05,0.03331445320679498,0.2144411896550074,0.21444118965500783,0.2144411896550074,-0.012607604159813119,0.01260792999731324,3.258375001229803e-07,0.026651661830490603,2.0383000842727483e-17,1.6166392171744197e-14,-4.163336342344337e-16,0.20020616705720315,0.8,0.18354707169741405,0.9083117749803267,130,92,6,False,0.0
Classic-DDPNM-1,2.1000000000000005,4.512535076401368e-05,0.03498012508591005,0.21570193952247574,0.21570193952247613,0.21570193952247568,-0.012607498674683037,0.01260792999731324,4.313226302061434e-07,0.027984244922015133,2.1033522146218786e-17,1.668220128887703e-14,-3.885780586188048e-16,0.2002254392236108,0.8,0.18319678672465267,0.909543405646301,124,100,6,True,-5.551115123125783e-17
Classic-DDPNM-1,2.2000000000000006,5.8712688959833136e-05,0.03664577949360224,0.21696267616579448,0.21696267616579487,0.21696267616579445,-0.012607366433187401,0.01260792999731324,5.635641258411547e-07,0.029316828013539662,3.686287386450715e-18,2.923654097524064e-15,-3.885780586188048e-16,0.20025326645672187,0.8,0.18285731437371788,0.9107060641673571,119,105,6,True,0.0
Classic-DDPNM-1,2.3000000000000007,7.489170761095536e-05,0.03831141149080279,0.21822339584657413,0.2182233958465745,0.2182233958465741,-0.01260719680779627,0.01260792999731324,7.33189516971796e-07,0.03064941110506419,2.1250362580715887e-17,1.685377923562266e-14,-3.608224830031759e-16,0.20026581540249855,0.8,0.18250744736329194,0.911755720921888,124,110,6,True,-2.7755575615628914e-17
Classic-DDPNM-1,2.400000000000001,9.380187837083384e-05,0.039977016806452645,0.21948409533204286,0.21948409533204327,0.2194840953320429,-0.012606994854687924,0.01260792999731324,9.351426253175189e-07,0.031981994196588724,-6.765421556309548e-17,5.3656070401451803e-14,-4.163336342344337e-16,0.2002764740754591,0.8,0.18211446591529837,0.9126652352229648,122,115,6,True,2.7755575615628914e-17
Classic-DDPNM-1,2.500000000000001,0.00011562933988656318,0.041642590940801714,0.22074477121633218,0.22074477121633262,0.2207447712163322,-0.012606758842893534,0.01260792999731324,1.1711544197089842e-06,0.033314577288113253,-2.8406096919120216e-17,2.2528248903147378e-14,-4.440892098500626e-16,0.20028642569265218,0.8,0.18168567277943118,0.9134229727101283,125,118,6,True,2.7755575615628914e-17
Classic-DDPNM-1,2.600000000000001,0.00014031284225771395,0.04330812908859441,0.22200541986233602,0.2220054198623365,0.22200541986233607,-0.012606486460038755,0.01260792999731324,1.4435372744881863e-06,0.03464716037963778,-3.881443777498106e-17,3.078220949558865e-14,-4.718447854656915e-16,0.20029305362293404,0.8,0.1812233180221814,0.9140316452752985,125,122,6,True,0.0
Classic-DDPNM-1,2.700000000000001,0.0001675153772297472,0.04497362654699454,0.22326603771046968,0.22326603771047016,0.2232660377104697,-0.01260617848133669,0.01260792999731324,1.7515159765517914e-06,0.03597974347116231,-3.0357660829594124e-18,2.407488309486572e-15,-4.718447854656915e-16,0.20029459849825076,0.8,0.1807270266618059,0.9145043463648818,126,123,6,True,0.0
Classic-DDPNM-1,2.800000000000001,0.00019709262534087728,0.0466390791699493,0.22452662162257878,0.22452662162257928,0.22452662162257878,-0.012605839121091117,0.01260792999731324,2.090876222125412e-06,0.03731232656268684,-1.951563910473908e-17,1.547629405253129e-14,-4.996003610813204e-16,0.2002944803418778,0.8,0.18020429386367745,0.9148601882796958,124,125,6,True,-2.7755575615628914e-17
Classic-DDPNM-1,2.9000000000000012,0.00022981087924019036,0.04830448305030906,0.22578716864133513,0.22578716864133563,0.22578716864133513,-0.012605470187563559,0.01260792999731324,2.4598097496836867e-06,0.03864490965421137,2.3852447794681098e-18,1.8914917111699146e-15,-4.996003610813204e-16,0.20030120076663688,0.8,0.17967087955734368,0.9151205531137833,122,126,6,True,0.0
Classic-DDPNM-1,3.0,0.00026422959518990116,0.04996983301938637,0.22704767485455046,0.22704767485455093,0.22704767485455046,-0.012605062132153275,0.01260792999731324,2.867865159968706e-06,0.039977492745735886,1.713039432527097e-17,1.3583910004812019e-14,-4.718447854656915e-16,0.20029482473910906,0.8,0.1791491011784899,0.9153065015068343,121,129,6,True,5.551115123125783e-17
NormalLinear-DDPNM-3,0.0,0.0,7.333997485867926e-17,0.18922542357774103,0.18922542357774103,0.18922542357774103,0.0,0.0,0.0,0.0,0.0,0.0,0.0,0.2,0.2,0.2,0.2,0,0,0,True,0.0
NormalLinear-DDPNM-3,0.1,1.2984185774829074e-18,0.0011023700144811724,0.19005980930945937,0.1900598093094594,0.19005980930945937,-0.008343857317183756,0.00834385731718375,3.638206950888132e-20,0.0008818960115849104,-3.003240017784847e-17,3.5993424906725416e-14,-2.7755575615628914e-17,0.2,0.5261523329470313,0.14742607181560394,1.2341964739431246,1668,1,6,False,-2.7755575615628914e-17
NormalLinear-DDPNM-3,0.2,5.196951503870273e-18,0.002204740028962308,0.19089419504117774,0.19089419504117777,0.19089419504117772,-0.008343857317183756,0.00834385731718375,8.177588450595501e-20,0.0017637920231698208,-2.2768245622195593e-18,2.7287434044809883e-15,-2.7755575615628914e-17,0.2,0.6358274229682843,0.1629424466700557,0.8981509080611848,1660,1,6,False,0.0
NormalLinear-DDPNM-3,0.30000000000000004,1.1610662353215659e-17,0.0033071100434434435,0.19172858077289612,0.19172858077289615,0.19172858077289612,-0.008343857317183756,0.00834385731718375,1.4282978080729525e-19,0.0026456880347547314,-2.2768245622195593e-18,2.7287434044809883e-15,-2.7755575615628914e-17,0.2,0.6930177391952909,0.17168803756136605,0.8918398122999416,1649,1,6,False,-5.551115123125783e-17
NormalLinear-DDPNM-3,0.4,2.017965637508281e-17,0.004409480057924652,0.19256296650461455,0.19256296650461452,0.19256296650461452,-0.008343857317183756,0.00834385731718375,2.167652441208748e-19,0.0035275840463396416,5.323432666903827e-17,6.380061960000375e-14,2.7755575615628914e-17,0.2,0.7276166585419771,0.17545864629812066,0.9586500344049053,1630,1,6,False,-5.551115123125783e-17
NormalLinear-DDPNM-3,0.5,3.0287070800393773e-17,0.005511850072405788,0.19339735223633292,0.1933973522363329,0.19339735223633292,-0.008343857317183756,0.00834385731718375,2.9929773745703097e-19,0.004409480057924552,-2.2768245622195593e-18,2.7287434044809883e-15,2.7755575615628914e-17,0.2,0.7500915152220307,0.17942226060261057,0.965491206269203,1603,1,6,False,0.0
NormalLinear-DDPNM-3,0.6,4.109858101063367e-17,0.006614220086886887,0.19423173796805127,0.19423173796805127,0.19423173796805127,-0.008343857317183756,0.00834385731718375,3.8490831819201773e-19,0.005291376069509462,-3.003240017784847e-17,3.5993424906725416e-14,0.0,0.2,0.7650578727507628,0.1834176720570881,0.951926384527275,1559,2,6,False,0.0
NormalLinear-DDPNM-3,0.7,5.1753782684292224e-17,0.007716590101368023,0.19506612369976964,0.19506612369976964,0.19506612369976967,-0.008343857317183756,0.00834385731718375,4.672755621739536e-19,0.006173272081094372,-2.2768245622195593e-18,2.7287434044809883e-15,0.0,0.2,0.7754964946729933,0.18541280784092906,0.9197504151530388,1493,4,6,False,5.551115123125783e-17
NormalLinear-DDPNM-3,0.7999999999999999,6.149358365380936e-17,0.008818960115849086,0.19590050943148796,0.195900509431488,0.195900509431488,-0.008343857317183756,0.00834385731718375,5.4093279411600395e-19,0.007055168092679282,-5.778797579347739e-17,6.925810640896985e-14,-5.551115123125783e-17,0.2,0.7830440912493434,0.18728272058467035,0.8742290353116167,1412,7,6,False,2.7755575615628914e-17
NormalLinear-DDPNM-3,0.8999999999999999,6.967112090241796e-17,0.009921330130330185,0.1967348951632063,0.19673489516320639,0.19673489516320636,-0.008343857317183756,0.00834385731718375,6.02324644810385e-19,0.007937064104264193,-3.003240017784847e-17,3.5993424906725416e-14,-8.326672684688674e-17,0.2,0.7881244043136677,0.18898021844271498,0.8732138962141043,1261,9,6,True,-5.551115123125783e-17
NormalLinear-DDPNM-3,0.9999999999999999,7.637980051297431e-17,0.01102370014481143,0.19756928089492476,0.19756928089492476,0.1975692808949248,-0.008343857317183756,0.00834385731718375,6.52921546026502e-19,0.008818960115849104,8.098990228466718e-17,9.70653011022428e-14,0.0,0.2,0.7914483811323456,0.19047778058066214,0.8752988550335987,1176,10,6,False,-2.7755575615628914e-17
NormalLinear-DDPNM-3,1.0999999999999999,8.28467127493874e-17,0.012126070159292603,0.19840366662664316,0.19840366662664313,0.19840366662664316,-0.008343857317183756,0.00834385731718375,7.022548740343658e-19,0.009700856127434014,2.5478751053409354e-17,3.0535938097762485e-14,2.7755575615628914e-17,0.2,0.7939478244873808,0.19160172546106316,0.8759489478423986,1108,13,6,False,2.7755575615628914e-17
NormalLinear-DDPNM-3,1.2,9.079708132262316e-17,0.013228440173773628,0.19923805235836145,0.1992380523583615,0.1992380523583615,-0.008343857317183756,0.00834385731718375,7.655946599266829e-19,0.010582752139018924,-8.55435514091063e-17,1.0252278791121428e-13,-5.551115123125783e-17,0.2,0.7955173113636228,0.1921284198909885,0.8759511553572394,1063,14,6,False,-2.7755575615628914e-17
NormalLinear-DDPNM-3,1.3,1.0198199915584274e-16,0.014330810188254836,0.20007243809007988,0.20007243809007988,0.2000724380900799,-0.008343857317183756,0.00834385731718375,8.57618846630515e-19,0.011464648150603834,5.323432666903827e-17,6.380061960000375e-14,0.0,0.2,0.7963103920694932,0.1924911934528411,0.875098526268593,1021,18,6,False,5.551115123125783e-17
NormalLinear-DDPNM-3,1.4000000000000001,1.1801845318105158e-16,0.015433180202735973,0.20090682382179825,0.20090682382179825,0.20090682382179825,-0.008343857317183755,0.00834385731718375,9.884678102023479e-19,0.012346544162188744,-2.168404344971009e-18,2.598803242362846e-15,0.0,0.2,0.797518762277095,0.19285266279566496,0.8734710468713531,996,23,6,False,0.0
NormalLinear-DDPNM-3,1.5000000000000002,1.3969159070173143e-16,0.016535550217217147,0.20174120955351665,0.20174120955351663,0.20174120955351665,-0.008343857317183755,0.00834385731718375,1.163701210109692e-18,0.013228440173773654,2.5587171270657905e-17,3.066587825988063e-14,2.7755575615628914e-17,0.2,0.7991317951456289,0.1932117891790173,0.8721746549493196,939,30,6,False,0.0
NormalLinear-DDPNM-3,1.6000000000000003,1.6582926051574277e-16,0.017637920231698318,0.20257559528523505,0.202575595285235,0.20257559528523505,-0.008343857317183755,0.00834385731718375,1.3775223999862588e-18,0.014110336185358565,2.5587171270657905e-17,3.066587825988063e-14,5.551115123125783e-17,0.2,0.7999834200500647,0.19356926735740343,0.871141419468523,863,32,6,False,0.0
NormalLinear-DDPNM-3,1.7000000000000004,2.3340290784403676e-09,0.01874029024617949,0.20340998101695346,0.20340998101695337,0.20340998101695346,-0.008343857317183755,0.00834385731718375,1.610181334179379e-18,0.014992232196943475,2.5587171270657905e-17,3.066587825988063e-14,8.326672684688674e-17,0.20001296219959608,0.8,0.1937006872645705,0.8692270793025577,775,36,6,False,0.0
NormalLinear-DDPNM-3,1.8000000000000005,3.690796707260425e-08,0.019842660258099155,0.20424436674673305,0.204244366746733,0.20424436674673307,-0.008343857297796282,0.00834385731718375,1.938747398405581e-11,0.015874128208528387,-3.729655473350135e-17,4.469941566477907e-14,5.551115123125783e-17,0.20003858297005775,0.8,0.19303532906747065,0.8664135566901474,208,39,6,False,0.0
NormalLinear-DDPNM-3,1.9000000000000006,1.5344657986996974e-07,0.020945030232076747,0.20507875244779422,0.20507875244779414,0.2050787524477942,-0.00834385701061143,0.00834385731718375,3.0657232669668607e-10,0.016756024220113297,3.133344278483108e-17,3.755270547237118e-14,8.326672684688674e-17,0.20005355114071988,0.8,0.19240426532558402,0.8635432982355423,175,47,6,False,2.7755575615628914e-17
NormalLinear-DDPNM-3,2.0000000000000004,3.960617046129757e-07,0.022047400078162884,0.20591313805205413,0.205913138052054,0.20591313805205408,-0.008343856042598496,0.00834385731718375,1.2745852607128626e-09,0.017637920231698207,6.331740687315346e-17,7.588504308499949e-14,1.3877787807814457e-16,0.2000637402235706,0.8,0.19178932833821516,0.8606917610374277,158,49,6,False,-2.7755575615628914e-17
NormalLinear-DDPNM-3,2.1000000000000005,7.440904877768464e-07,0.023149769657999718,0.2067475234547895,0.20674752345478944,0.20674752345478953,-0.008343854027354467,0.00834385731718375,3.2898292895088246e-09,0.018519816243283117,-8.088148206741863e-17,9.693532272032146e-14,5.551115123125783e-17,0.20006257005543931,0.8,0.19119969625980965,0.8579264461742603,154,53,6,False,2.7755575615628914e-17
NormalLinear-DDPNM-3,2.2000000000000006,1.1833773791113643e-06,0.024252138855906682,0.2075819085684415,0.2075819085684414,0.2075819085684415,-0.008343851136519486,0.00834385731718375,6.180664270516823e-09,0.019401712254868028,4.889751797909625e-17,5.860296970546976e-14,1.1102230246251565e-16,0.2000604059068067,0.8,0.19063115613025222,0.8552994288628095,157,55,6,False,2.7755575615628914e-17
NormalLinear-DDPNM-3,2.3000000000000007,1.7606626950370634e-06,0.02535450757173785,0.2084162933172095,0.20841629331720937,0.2084162933172095,-0.008343847487679726,0.00834385731718375,9.829504030738756e-09,0.020283608266452938,4.0766001685454967e-17,4.8857443399776114e-14,1.3877787807814457e-16,0.2000641125269098,0.8,0.19009494147441836,0.8528371024015045,152,57,6,False,2.7755575615628914e-17
NormalLinear-DDPNM-3,2.400000000000001,2.5426186289321033e-06,0.026456875654055273,0.2092506775864699,0.20925067758646979,0.20925067758646992,-0.00834384269260419,0.00834385731718375,1.462457956720355e-08,0.021165504278037848,-3.371868756429919e-17,4.0411319588365347e-14,1.1102230246251565e-16,0.20007177215482624,0.8,0.18959777792045632,0.8505276009612693,158,59,6,False,5.551115123125783e-17
NormalLinear-DDPNM-3,2.500000000000001,3.4779887431748093e-06,0.027559242878256705,0.21008506120622084,0.21008506120622075,0.21008506120622084,-0.008343836197509684,0.00834385731718375,2.111967407129461e-08,0.022047400289622758,-2.938187887435717e-17,3.5213694802368116e-14,8.326672684688674e-17,0.2000724934580106,0.8,0.18913714312319108,0.848381042723649,163,61,6,False,-5.551115123125783e-17
NormalLinear-DDPNM-3,2.600000000000001,4.556680731309263e-06,0.028661609075990312,0.21091944404903654,0.21091944404903645,0.2109194440490366,-0.008343828428157141,0.00834385731718375,2.888902661555473e-08,0.022929296301207668,-1.3444106938820255e-17,1.611252431608402e-14,8.326672684688674e-17,0.20007230497359024,0.8,0.18870143295676234,0.8463957759971372,160,63,6,False,2.7755575615628914e-17
NormalLinear-DDPNM-3,2.700000000000001,5.880310621778379e-06,0.02976397408998093,0.21175382599587517,0.21175382599587503,0.21175382599587517,-0.008343819468385723,0.00834385731718375,3.784879803322012e-08,0.02381119231279258,5.811323644522304e-17,6.964761096490256e-14,1.3877787807814457e-16,0.2000778176031863,0.8,0.1882954214303387,0.8446567258226776,153,64,6,False,-5.551115123125783e-17
NormalLinear-DDPNM-3,2.800000000000001,7.734498846395011e-06,0.030866337651443098,0.21258820684329255,0.21258820684329238,0.21258820684329255,-0.008343808474173483,0.00834385731718375,4.884301027419151e-08,0.02469308832437749,3.361026734705064e-17,4.028121445971426e-14,1.6653345369377348e-16,0.20009545886783453,0.8,0.18792411169662848,0.844516048568981,154,67,6,False,2.7755575615628914e-17
NormalLinear-DDPNM-3,2.9000000000000012,1.0126087809161849e-05,0.03196869917816174,0.2134225861506091,0.21342258615060894,0.2134225861506091,-0.00834379307316551,0.00834385731718375,6.424401824630363e-08,0.0255749843359624,6.179952383167375e-18,7.406532213705415e-15,1.6653345369377348e-16,0.2001074738775121,0.8,0.18759209270245095,0.8443975569651067,150,68,6,False,0.0
NormalLinear-DDPNM-3,3.0,1.2894032108503438e-05,0.033071058080421434,0.21425696347146825,0.21425696347146805,0.2142569634714682,-0.008343773208591386,0.00834385731718375,8.410859237027528e-08,0.0264568803475473,1.3877787807814457e-17,1.6632173093813123e-14,1.942890293094024e-16,0.20010949948433038,0.8,0.18728028128265822,0.8442984415790644,142,71,6,False,-2.7755575615628914e-17
Affine-DDPNM-9,0.0,0.0,7.333997485867926e-17,0.18922542357774103,0.18922542357774103,0.18922542357774103,0.0,0.0,0.0,0.0,0.0,0.0,0.0,0.2,0.2,0.2,0.2,0,0,0,True,0.0
Affine-DDPNM-9,0.1,1.0824571706000795e-18,0.0009881976299476283,0.1899733920381624,0.18997339203816246,0.18997339203816244,-0.007479684604214411,0.007479684604214407,2.792055998313807e-20,0.0007905581039581048,-5.789639601072594e-17,7.740486273726618e-14,-5.551115123125783e-17,0.2,0.5216331310608064,0.14862575965026112,1.1664427843353045,1655,1,6,False,0.0
Affine-DDPNM-9,0.2,4.37122507229709e-18,0.001976395259895183,0.1907213604985838,0.1907213604985839,0.19072136049858385,-0.007479684604214411,0.007479684604214407,6.321373776652908e-20,0.0015811162079162097,-5.789639601072594e-17,7.740486273726618e-14,-1.1102230246251565e-16,0.2,0.629983676744955,0.16238710647091875,0.9808299192540162,1656,1,6,False,-2.7755575615628914e-17
Affine-DDPNM-9,0.30000000000000004,9.848665397713435e-18,0.0029645928898428112,0.19146932895900523,0.19146932895900534,0.19146932895900523,-0.007479684604214411,0.007479684604214407,1.1146447085060703e-19,0.0023716743118743144,-2.3852447794681098e-18,3.1889643824341874e-15,-1.1102230246251565e-16,0.2,0.6861387113021196,0.17236928108835006,0.8553715727160232,1655,2,6,False,2.7755575615628914e-17
Affine-DDPNM-9,0.4,1.7308622294222982e-17,0.003952790519790293,0.19221729741942656,0.19221729741942678,0.1922172974194266,-0.007479684604214411,0.007479684604214407,1.7084339985864541e-19,0.0031622324158324193,-1.1340754724198376e-16,1.5162076109209818e-13,-2.220446049250313e-16,0.2,0.7205750670664273,0.17795742552698213,0.9367280220019217,1631,1,6,False,0.0
Affine-DDPNM-9,0.5,2.6327090774849904e-17,0.0049409881497378474,0.19296526587984794,0.19296526587984822,0.19296526587984797,-0.007479684604214411,0.007479684604214407,2.386343053539384e-19,0.003952790519790524,-5.789639601072594e-17,7.740486273726618e-14,-2.7755575615628914e-16,0.2,0.7432360349322228,0.18022523510815974,0.9555058787011106,1610,1,6,False,0.0
Affine-DDPNM-9,0.6,3.632446643979402e-17,0.005929185779685476,0.19371323434026938,0.19371323434026966,0.19371323434026938,-0.007479684604214411,0.007479684604214407,3.111810358254875e-19,0.004743348623748629,-2.3852447794681098e-18,3.1889643824341874e-15,-2.7755575615628914e-16,0.2,0.7587881414708312,0.18274871772754972,0.9637014911726818,1577,1,6,False,0.0
Affine-DDPNM-9,0.7,4.6663802113950223e-17,0.006917383409633178,0.19446120280069087,0.1944612028006911,0.19446120280069085,-0.007479684604214411,0.007479684604214407,3.8428824189713433e-19,0.005533906727706733,5.312590645178972e-17,7.102693397239273e-14,-2.220446049250313e-16,0.2,0.7699224021930818,0.18536531989571156,0.9612956732332032,1555,2,6,False,-2.7755575615628914e-17
Affine-DDPNM-9,0.7999999999999999,5.672241973902782e-17,0.007905581039580842,0.19520917126111234,0.19520917126111254,0.1952091712611123,-0.00747968460421441,0.007479684604214407,4.538951273575919e-19,0.006324464831664838,2.5478751053409354e-17,3.4063937721454924e-14,-1.942890293094024e-16,0.2,0.7781676873704124,0.1876164142830302,0.9496919754213148,1512,6,6,False,-5.551115123125783e-17
Affine-DDPNM-9,0.8999999999999999,6.592241314321536e-17,0.008893778669528361,0.1959571397215337,0.19595713972153397,0.19595713972153372,-0.00747968460421441,0.007479684604214407,5.164900806922137e-19,0.007115022935622942,-8.55435514091063e-17,1.143678589882079e-13,-2.7755575615628914e-16,0.2,0.7843051690421418,0.18897225776077214,0.9288443415398482,1464,8,6,True,0.0
Affine-DDPNM-9,0.9999999999999999,7.37753139734115e-17,0.009881976299475915,0.19670510818195508,0.1967051081819554,0.19670510818195514,-0.00747968460421441,0.007479684604214407,5.692180285258944e-19,0.007905581039581047,-5.778797579347739e-17,7.72599098107919e-14,-3.3306690738754696e-16,0.2,0.7888034647753516,0.1902456216163858,0.9006047973520984,1325,10,6,True,5.551115123125783e-17
Affine-DDPNM-9,1.0999999999999999,8.007835836054283e-17,0.01087017392942358,0.19745307664237655,0.19745307664237685,0.1974530766423765,-0.00747968460421441,0.007479684604214407,6.109238827430511e-19,0.008696139143539151,2.5478751053409354e-17,3.4063937721454924e-14,-3.0531133177191805e-16,0.2,0.7921314817284459,0.19109195923581798,0.8724761191285244,1198,11,6,True,-5.551115123125783e-17
Affine-DDPNM-9,1.2,8.516136841972691e-17,0.011858371559371209,0.19820104510279798,0.1982010451027983,0.19820104510279796,-0.00747968460421441,0.007479684604214407,6.453860330404385e-19,0.009486697247497256,-2.2768245622195593e-18,3.0440114559599057e-15,-3.0531133177191805e-16,0.2,0.7941083291247092,0.1915063004731794,0.8733999893021894,1100,12,6,True,-5.551115123125783e-17
Affine-DDPNM-9,1.3,9.025258316540001e-17,0.012846569189318837,0.19894901356321942,0.19894901356321973,0.19894901356321942,-0.00747968460421441,0.007479684604214407,6.799169102200822e-19,0.01027725535145536,-2.2768245622195593e-18,3.0440114559599057e-15,-3.0531133177191805e-16,0.2,0.7958761347345182,0.1919279088716085,0.8731002194913133,1053,15,6,True,0.0
Affine-DDPNM-9,1.4000000000000001,9.684486174633211e-17,0.013834766819266466,0.19969698202364086,0.19969698202364117,0.19969698202364086,-0.00747968460421441,0.007479684604214407,7.265403636497444e-19,0.011067813455413465,-2.2768245622195593e-18,3.0440114559599057e-15,-3.0531133177191805e-16,0.2,0.7971212087732352,0.19234983631770858,0.8726086606138755,986,17,6,True,2.7755575615628914e-17
Affine-DDPNM-9,1.5000000000000002,1.0661454912709768e-16,0.014822964449214094,0.2004449504840623,0.2004449504840626,0.20044495048406227,-0.00747968460421441,0.007479684604214407,7.974807270302195e-19,0.01185837155937157,-2.2768245622195593e-18,3.0440114559599057e-15,-3.0531133177191805e-16,0.2,0.7980014005052816,0.19276347390560325,0.8715440624623039,942,21,6,True,-2.7755575615628914e-17
Affine-DDPNM-9,1.6000000000000003,1.2118928821419994e-16,0.01581116207916161,0.20119291894448366,0.20119291894448404,0.2011929189444837,-0.00747968460421441,0.007479684604214407,9.04383233752494e-19,0.012648929663329674,-8.55435514091063e-17,1.143678589882079e-13,-3.885780586188048e-16,0.2,0.7987009004748763,0.19316244093882537,0.8700199938423858,893,25,6,True,-2.7755575615628914e-17
Affine-DDPNM-9,1.7000000000000004,1.419891753446761e-16,0.0167993597091092,0.20194088740490507,0.20194088740490548,0.20194088740490515,-0.00747968460421441,0.007479684604214407,1.0567451057471043e-18,0.013439487767287778,-3.003240017784847e-17,4.0151960633375896e-14,-4.163336342344337e-16,0.2,0.799510128164655,0.19354317048605238,0.8682004389043457,853,33,6,True,2.7755575615628914e-17
Affine-DDPNM-9,1.8000000000000005,3.027355381780144e-10,0.01778755733905687,0.20268885586532653,0.20268885586532692,0.20268885586532656,-0.00747968460421441,0.007479684604214407,1.260872470879592e-18,0.014230045871245883,2.5478751053409354e-17,3.4063937721454924e-14,-3.885780586188048e-16,0.20000466778896983,0.8,0.19390613896601805,0.866371993836382,816,34,6,False,2.7755575615628914e-17
Affine-DDPNM-9,1.9000000000000006,9.81670994535253e-09,0.018775754968707287,0.203436824325523,0.20343682432552343,0.203436824325523,-0.007479684601964957,0.007479684604214407,2.249453548608061e-12,0.015020603975203987,-1.6046192152785466e-17,2.1453033111741803e-14,-4.163336342344337e-16,0.2000219160348651,0.8,0.1942529815989241,0.8641500543826799,241,37,6,False,2.7755575615628914e-17
Affine-DDPNM-9,2.0000000000000004,6.12219144169608e-08,0.01976395258901808,0.20418479277865031,0.20418479277865076,0.20418479277865034,-0.007479684531273269,0.007479684604214407,7.294114174213657e-11,0.015811162079162094,-2.5695591487906455e-17,3.4353843239389386e-14,-4.440892098500626e-16,0.2000398024019827,0.8,0.19458739105065623,0.8614251000329498,191,41,6,False,2.7755575615628914e-17
Affine-DDPNM-9,2.1000000000000005,1.8207649870941582e-07,0.020752150158865945,0.20493276119358214,0.20493276119358259,0.20493276119358214,-0.00747968414931832,0.007479684604214407,4.5489609060652554e-10,0.0166017201831202,-5.421010862427522e-18,7.247645882929998e-15,-4.440892098500626e-16,0.20004809500922635,0.8,0.19489884292076898,0.8587280187714847,168,46,6,False,5.551115123125783e-17
Affine-DDPNM-9,2.2000000000000006,4.192615095597817e-07,0.021740347610074703,0.20568072951871583,0.2056807295187163,0.20568072951871583,-0.007479683251337139,0.007479684604214407,1.352877271858221e-09,0.017392278287078306,-2.8406096919120216e-17,3.7977659867106685e-14,-4.718447854656915e-16,0.20005922983103527,0.8,0.19517882715611798,0.856129603953187,155,48,6,False,0.0
Affine-DDPNM-9,2.3000000000000007,7.473217274182446e-07,0.022728544828447047,0.20642869766761524,0.20642869766761576,0.20642869766761526,-0.007479681488994514,0.007479684604214407,3.1152198964582925e-09,0.018182836391036412,-4.3151246464923076e-17,5.769124070889238e-14,-5.273559366969494e-16,0.20005819806963313,0.8,0.19544165786182005,0.8536714047521377,152,51,6,False,-2.7755575615628914e-17
Affine-DDPNM-9,2.400000000000001,1.176286812711014e-06,0.02371674172477465,0.20717666557275843,0.20717666557275904,0.20717666557275846,-0.007479679051432785,0.007479684604214407,5.552781626092684e-09,0.01897339449499452,-7.979727989493313e-17,1.0668527468386608e-13,-6.106226635438361e-16,0.20005902845596,0.8,0.195673831280472,0.8513615017814636,152,51,6,False,8.326672684688674e-17
Affine-DDPNM-9,2.500000000000001,1.6336635965438995e-06,0.024704938200004103,0.20792463315917173,0.2079246331591723,0.2079246331591717,-0.00747967586413266,0.007479684604214407,8.740081750136155e-09,0.019763952598952625,2.905661822261152e-17,3.8847338901626804e-14,-5.828670879282072e-16,0.2000519147664492,0.8,0.19589104668626595,0.8492169860325551,158,51,6,False,-5.551115123125783e-17
Affine-DDPNM-9,2.600000000000001,2.1167384688263456e-06,0.025693134226245605,0.20867260040574528,0.20867260040574584,0.20867260040574528,-0.007479672465735408,0.007479684604214407,1.2138479002108063e-08,0.02055451070291073,1.452830911130576e-17,1.9423660625676878e-14,-5.551115123125783e-16,0.2000473986714272,0.8,0.19608486459040336,0.8472419533258665,152,52,6,False,0.0
Affine-DDPNM-9,2.700000000000001,2.6937754659590266e-06,0.026681329778273397,0.20942056729338568,0.2094205672933862,0.20942056729338565,-0.007479668876403756,0.007479684604214407,1.572781065478099e-08,0.021345068806868837,1.8756697583999227e-17,2.507680355012434e-14,-5.273559366969494e-16,0.20004997411758962,0.8,0.19626722243153605,0.8454248873593716,151,57,6,False,0.0
Affine-DDPNM-9,2.800000000000001,3.3306672837214185e-06,0.027669524763849995,0.2101685337522782,0.21016853375227876,0.2101685337522782,-0.007479664588925388,0.007479684604214407,2.0015289022133772e-08,0.022135626910826944,-1.496198998029996e-17,2.000345032514569e-14,-5.551115123125783e-16,0.20004926497992243,0.8,0.19643073660477584,0.8437510630873125,155,59,6,False,2.7755575615628914e-17
Affine-DDPNM-9,2.9000000000000012,4.184570150061121e-06,0.028657719124219806,0.21091649973795065,0.21091649973795132,0.2109164997379507,-0.007479659856725594,0.007479684604214407,2.4747488816817962e-08,0.02292618501478505,-1.0972125985553305e-16,1.4669187624322346e-13,-6.661338147750939e-16,0.20005914548457795,0.8,0.19653562275591416,0.8422075452580687,155,62,6,False,2.7755575615628914e-17
Affine-DDPNM-9,3.0,5.137284225298693e-06,0.029645912646355323,0.21166446508916215,0.21166446508916287,0.2116644650891622,-0.007479653512115571,0.007479684604214407,3.1092098839846266e-08,0.023716743118743146,-5.410168840702667e-17,7.233120963901619e-14,-7.216449660063518e-16,0.20005922767429007,0.8,0.1966526018089387,0.8407808411311036,151,62,6,False,5.551115123125783e-17
